power_tier,n_people,correlation,p_value,mean_severity,mean_consequence,pct_with_consequence
low,19,0.0,1.0,0.34210526315789475,0.0,0.0
medium,10,0.0,1.0,3.5800000000000005,0.0,0.0
high,15,-0.2787392334309969,0.31440587279334675,7.180000000000001,0.2,0.2
very_high,22,0.3528798181931022,0.10721174931719465,9.31818181818182,0.6818181818181818,0.5454545454545454
